
INSERT INTO sec_user (id, nickname, password, active, first_name, last_name, patronymic, phone_number, email) VALUES
  ('200', 'lapid', '$2a$10$LNN9IAXzujgcy.NtpkFYie3Ay4u3Xtm9lnTn6Q8f7uc1iPYlh.T8G', TRUE, 'Megan', 'Jordan', 'Cornett','+380994789623', 'email@gmail.com'),
  ('203', 'lapid1', '$2a$10$LNN9IAXzujgcy.NtpkFYie3Ay4u3Xtm9lnTn6Q8f7uc1iPYlh.T8G', TRUE, 'Albert', 'Smith', 'Dixon','+380659459881', 'name@gmail.com'),
  ('204', 'lapid2', '$2a$10$LNN9IAXzujgcy.NtpkFYie3Ay4u3Xtm9lnTn6Q8f7uc1iPYlh.T8G', TRUE, 'John', 'Williams', 'Russell','+380658954281', 'wilrust@gmail.com'),
  ('205', 'lapid3', '$2a$10$LNN9IAXzujgcy.NtpkFYie3Ay4u3Xtm9lnTn6Q8f7uc1iPYlh.T8G', TRUE, 'David', 'Evans', 'Fisher','+380669874281', 'evfish@gmail.com'),
  ('206', 'lapid4', '$2a$10$LNN9IAXzujgcy.NtpkFYie3Ay4u3Xtm9lnTn6Q8f7uc1iPYlh.T8G', TRUE, 'Matt', 'Walker', 'Pearson','+380612345681', 'walkpear@gmail.com'),
  ('207', 'lapid5', '$2a$10$LNN9IAXzujgcy.NtpkFYie3Ay4u3Xtm9lnTn6Q8f7uc1iPYlh.T8G', TRUE, 'Jack', 'Lewis', 'Palmer','+380684365281', 'palmlew@gmail.com'),
  ('208', 'lapid6', '$2a$10$LNN9IAXzujgcy.NtpkFYie3Ay4u3Xtm9lnTn6Q8f7uc1iPYlh.T8G', TRUE, 'Mike', 'Clarke', 'Walsh','+380823954281', 'clarkew@gmail.com'),
  ('201', 'imche', '$2a$10$3RaZqHqE.U1Fd0v79xe6aOrg5vEtvvdxJKuuPYgh9OydmSEBNTM/u', TRUE, 'Paul', 'Ward', 'Campbell','+380745691281', 'campward@gmail.com'),
  ('202', 'omstr', '$2a$10$8fpc82lh/Gay2R47bkGor.YzNSO5qUSpFOANRW5L6lpg.wlmCiJia', TRUE, 'Steve', 'Parker', 'Matthews','+380696324281', 'mattp@gmail.com');
  
INSERT INTO sec_user_authority (user_id, authority_name) VALUES
  ('200', 'TEACHER'),
  ('201', 'ADMIN'),
  ('202', 'PARENT');

INSERT INTO teacher (id, description) VALUES
  ('200', 'kjfkjfsks'),
  ('201', 'desctiption1');

INSERT INTO school_class (id, name, studying_end, studying_start, active, curator_id) VALUES
  ('1', '6a', '01-01-2017', '01-01-2020', TRUE, '200'),
  ('2', '7a', '01-01-2017', '01-01-2020', TRUE, '201');

INSERT INTO child (id, school_class_id) VALUES
  ('207', '1'),
  ('204', '1'),
  ('205', '2'),
  ('206', '2');

INSERT INTO parent (id, job) VALUES
  ('202', 'job');

INSERT INTO relationship (parent_id, child_id) VALUES
  ('202', '204'),
  ('202', '205');

INSERT INTO subject (id, name) VALUES
  (1, 'math'),
  (2, 'biology'),
  (3, 'art'),
  (4, 'english'),
  (5, 'history'),
  (6, 'chemistry'),
  (7, 'p.t.'),
  (8, 'french');

INSERT INTO lesson (id, teacher_id, subject_id, class_id) VALUES
  ('1', '200', 1, 1),
  ('2', '201', 2, 1),
  ('3', '200', 3, 1),
  ('4', '200', 4, 2),
  ('5', '200', 5, 2),
  ('6', '200', 6, 2);

INSERT INTO lesson_event_type (id, name) VALUES
  (1, 'Test');

INSERT INTO lesson_event (id, comment, completed, event_date, completion_date, lesson_id, lessoneventtype_id) VALUES
  (1, '', TRUE, '2017-06-15', '2017-06-15', '1', '1'),
  (2, '', TRUE, '2017-06-15', '2017-06-15', '2', '1'),
  (3, '', TRUE, '2017-06-15', '2017-06-15', '3', '1'),
  (4, '', TRUE, '2017-06-15', '2017-06-15', '4', '1'),
  (5, '', TRUE, '2017-06-15', '2017-06-15', '5', '1'),
  (6, '', TRUE, '2017-06-15', '2017-06-15', '6', '1'),
  (7, '', TRUE, '2017-06-16', '2017-06-16', '1', '1'),
  (8, '', TRUE, '2017-06-16', '2017-06-16', '2', '1'),
  (9, '', TRUE, '2017-06-16', '2017-06-16', '3', '1'),
  (10, '', TRUE, '2017-06-16', '2017-06-16', '4', '1'),
  (11, '', TRUE, '2017-06-16', '2017-06-16', '5', '1'),
  (12, '', TRUE, '2017-06-16', '2017-06-16', '6', '1'),
  (13, '', TRUE, '2017-06-17', '2017-06-17', '1', '1'),
  (14, '', TRUE, '2017-06-17', '2017-06-17', '2', '1'),
  (15, '', TRUE, '2017-06-17', '2017-06-17', '3', '1'),
  (16, '', TRUE, '2017-06-17', '2017-06-17', '4', '1'),
  (17, '', TRUE, '2017-06-17', '2017-07-17', '5', '1'),
  (18, '', TRUE, '2017-06-17', '2017-07-17', '6', '1'),
  (19, '', TRUE, '2017-06-18', '2017-07-18', '1', '1'),
  (20, '', TRUE, '2017-06-18', '2017-07-18', '2', '1'),
  (21, '', TRUE, '2017-06-18', '2017-07-18', '3', '1'),
  (22, '', TRUE, '2017-06-18', '2017-07-18', '4', '1'),
  (23, '', TRUE, '2017-06-18', '2017-07-18', '5', '1'),
  (24, '', TRUE, '2017-06-18', '2017-07-18', '6', '1'),

  (25, '', TRUE, '2017-06-19', '2017-06-19', '1', '1'),
  (26, '', TRUE, '2017-06-19', '2017-06-19', '2', '1'),
  (27, '', TRUE, '2017-06-19', '2017-06-19', '3', '1'),
  (28, '', TRUE, '2017-06-19', '2017-06-19', '4', '1'),
  (29, '', TRUE, '2017-06-19', '2017-06-19', '5', '1'),
  (30, '', TRUE, '2017-06-19', '2017-06-19', '6', '1'),
  (31, '', TRUE, '2017-06-20', '2017-06-20', '1', '1'),
  (32, '', TRUE, '2017-06-20', '2017-06-20', '2', '1'),
  (33, '', TRUE, '2017-06-20', '2017-06-20', '3', '1'),
  (34, '', TRUE, '2017-06-20', '2017-06-20', '4', '1'),
  (35, '', TRUE, '2017-06-20', '2017-06-20', '5', '1'),
  (36, '', TRUE, '2017-06-20', '2017-06-20', '6', '1'),
  (37, '', TRUE, '2017-06-21', '2017-06-21', '1', '1'),
  (38, '', TRUE, '2017-06-21', '2017-06-21', '2', '1'),
  (39, '', TRUE, '2017-06-21', '2017-06-21', '3', '1'),
  (40, '', TRUE, '2017-06-21', '2017-06-21', '4', '1'),
  (41, '', TRUE, '2017-06-21', '2017-07-21', '5', '1'),
  (42, '', TRUE, '2017-06-21', '2017-07-21', '6', '1'),
  (43, '', TRUE, '2017-06-22', '2017-07-22', '1', '1'),
  (44, '', TRUE, '2017-06-22', '2017-07-22', '2', '1'),
  (45, '', TRUE, '2017-06-22', '2017-07-22', '3', '1'),
  (46, '', TRUE, '2017-06-22', '2017-07-22', '4', '1'),
  (47, '', TRUE, '2017-06-22', '2017-07-22', '5', '1'),
  (48, '', TRUE, '2017-06-22', '2017-07-22', '6', '1'),

  (49, '', TRUE, '2017-06-23', '2017-06-15', '1', '1'),
  (50, '', TRUE, '2017-06-23', '2017-06-16', '2', '1'),
  (51, '', TRUE, '2017-06-23', '2017-06-17', '3', '1'),
  (52, '', TRUE, '2017-06-23', '2017-06-18', '4', '1'),
  (53, '', TRUE, '2017-06-23', '2017-06-19', '5', '1'),
  (54, '', TRUE, '2017-06-23', '2017-06-20', '6', '1'),
  (55, '', TRUE, '2017-06-24', '2017-06-21', '1', '1'),
  (56, '', TRUE, '2017-06-24', '2017-06-22', '2', '1'),
  (57, '', TRUE, '2017-06-24', '2017-06-23', '3', '1'),
  (58, '', TRUE, '2017-06-24', '2017-06-24', '4', '1'),
  (59, '', TRUE, '2017-06-24', '2017-06-25', '5', '1'),
  (60, '', TRUE, '2017-06-24', '2017-06-26', '6', '1'),
  (61, '', TRUE, '2017-06-25', '2017-06-27', '1', '1'),
  (62, '', TRUE, '2017-06-25', '2017-06-28', '2', '1'),
  (63, '', TRUE, '2017-06-25', '2017-06-29', '3', '1'),
  (64, '', TRUE, '2017-06-25', '2017-06-30', '4', '1'),
  (65, '', TRUE, '2017-06-25', '2017-07-01', '5', '1'),
  (66, '', TRUE, '2017-06-25', '2017-07-02', '6', '1'),
  (67, '', TRUE, '2017-06-26', '2017-07-03', '1', '1'),
  (68, '', TRUE, '2017-06-26', '2017-07-04', '2', '1'),
  (69, '', TRUE, '2017-06-26', '2017-07-05', '3', '1'),
  (70, '', TRUE, '2017-06-26', '2017-07-06', '4', '1'),
  (71, '', TRUE, '2017-06-26', '2017-07-07', '5', '1'),
  (72, '', TRUE, '2017-06-26', '2017-07-07', '6', '1');


INSERT INTO child_mark (id, absent, mark, child_id, lesson_event_id) VALUES
  (1, FALSE, 10, '204', '1'),
  (2, TRUE , 11, '204', '2'),
  (3, TRUE, 12, '204', '3'),
  (4, FALSE, 11, '204', '4'),
  (5, FALSE, 10, '204', '5'),
  (6, TRUE, 9, '204', '6'),
  (7, FALSE, 8, '204', '7'),
  (8, TRUE, 9, '204', '8'),
  (9, FALSE, 10, '204', '9'),
  (10, TRUE, 11, '204', '10'),
  (11, FALSE, 12, '204', '11'),
  (12, FALSE, 8, '204', '12'),
  (13, TRUE, 9, '204', '13'),
  (14, FALSE, 10, '204', '14'),
  (15, TRUE, 11, '204', '15'),
  (16, FALSE, 8, '204', '16'),
  (17, TRUE, 11, '204', '17'),
  (18, FALSE, 12, '204', '18'),
  (19, TRUE, 9, '204', '19'),
  (20, FALSE, 10, '204', '20'),
  (21, FALSE, 12, '204', '21'),
  (22, TRUE, 11, '204', '22'),
  (23, FALSE, NULL, '204', '23'),
  (24, TRUE, 9, '204', '24'),
  (25, FALSE, 8, '204', '25'),
  (26, TRUE, 7, '204', '26'),
  (27, FALSE, 9, '204', '27'),
  (28, FALSE, 11, '204', '28'),
  (29, TRUE, 10, '204', '29'),
  (30, FALSE, 12, '204', '30'),
  (31, TRUE, 10, '204', '31'),
  (32, FALSE, 12, '204', '32'),
  (33, TRUE, 10, '204', '33'),
  (34, FALSE, 10, '204', '34'),
  (35, FALSE, 11, '204', '35'),
  (36, FALSE, 10, '204', '36'),
  (37, FALSE, 8, '204', '37'),
  (38, TRUE, NULL, '204', '38'),
  (39, FALSE, 10, '204', '39'),
  (40, FALSE, 8, '204', '40'),
  (41, FALSE, 10, '204', '41'),
  (42, FALSE, 10, '204', '42'),
  (43, FALSE, 11, '204', '43'),
  (44, FALSE, 10, '204', '44'),
  (45, TRUE, 11, '204', '45'),
  (46, FALSE, 12, '204', '46'),
  (47, FALSE, 10, '204', '47'),
  (48, FALSE, 11, '204', '48'),
  (49, FALSE, 11, '204', '49'),
  (50, FALSE, 10, '204', '50'),
  (51, FALSE, 11, '204', '51'),
  (52, FALSE, NULL, '204', '52'),
  (53, FALSE, 10, '204', '53'),
  (54, FALSE, 12, '204', '54'),
  (55, FALSE, 9, '204', '55'),
  (56, FALSE, 9, '204', '56'),
  (57, FALSE, 9, '204', '57'),
  (58, TRUE, 10, '204', '58'),
  (59, FALSE, 10, '204', '59'),
  (60, FALSE, 8, '204', '60'),
  (61, FALSE, 10, '204', '61'),
  (62, FALSE, 12, '204', '62'),
  (63, FALSE, 10, '204', '63'),
  (64, FALSE, 10, '204', '64'),
  (65, FALSE, NULL, '204', '65'),
  (66, FALSE, 10, '204', '66'),
  (67, FALSE, 9, '204', '67'),
  (68, TRUE, 11, '204', '68'),
  (69, FALSE, 11, '204', '69'),
  (70, FALSE, 8, '204', '70'),
  (71, FALSE, NULL, '204', '71'),
  (72, FALSE, 10, '204', '72'),

  (73, FALSE, 12, '205', '1'),
  (74, FALSE, 11, '205', '2'),
  (75, FALSE, 12, '205', '3'),
  (76, FALSE, 11, '205', '4'),
  (77, FALSE, 10, '205', '5'),
  (78, FALSE, 9, '205', '6'),
  (79, FALSE, 8, '205', '7'),
  (80, FALSE, 9, '205', '8'),
  (81, FALSE, 10, '205', '9'),
  (82, FALSE, 11, '205', '10'),
  (83, TRUE, 12, '205', '11'),
  (84, FALSE, 8, '205', '12'),
  (85, FALSE, 9, '205', '13'),
  (86, FALSE, 10, '205', '14'),
  (87, FALSE, 11, '205', '15'),
  (88, FALSE, 8, '205', '16'),
  (89, FALSE, 11, '205', '17'),
  (90, FALSE, 12, '205', '18'),
  (91, FALSE, 9, '205', '19'),
  (92, FALSE, NULL, '205', '20'),
  (93, FALSE, 12, '205', '21'),
  (94, FALSE, 11, '205', '22'),
  (95, TRUE, 10, '205', '23'),
  (96, FALSE, 9, '205', '24'),
  (97, FALSE, 8, '205', '25'),
  (98, FALSE, 7, '205', '26'),
  (99, FALSE, 9, '205', '27'),
  (100, FALSE, 11, '205', '28'),
  (101, FALSE, 10, '205', '29'),
  (102, FALSE, 12, '205', '30'),
  (103, FALSE, 10, '205', '31'),
  (104, FALSE, 12, '205', '32'),
  (105, FALSE, 10, '205', '33'),
  (106, FALSE, 10, '205', '34'),
  (107, FALSE, 11, '205', '35'),
  (108, FALSE, 10, '205', '36'),
  (109, FALSE, 8, '205', '37'),
  (110, FALSE, 9, '205', '38'),
  (111, FALSE, 10, '205', '39'),
  (112, FALSE, NULL, '205', '40'),
  (113, TRUE, 10, '205', '41'),
  (114, FALSE, 10, '205', '42'),
  (115, FALSE, 11, '205', '43'),
  (116, FALSE, 10, '205', '44'),
  (117, FALSE, 11, '205', '45'),
  (118, FALSE, 12, '205', '46'),
  (119, FALSE, 10, '205', '47'),
  (120, FALSE, 11, '205', '48'),
  (121, FALSE, 11, '205', '49'),
  (122, TRUE, 10, '205', '50'),
  (123, FALSE, 11, '205', '51'),
  (124, FALSE, 10, '205', '52'),
  (125, FALSE, 10, '205', '53'),
  (126, FALSE, 12, '205', '54'),
  (127, FALSE, 9, '205', '55'),
  (128, FALSE, 9, '205', '56'),
  (129, FALSE, 9, '205', '57'),
  (130, FALSE, 10, '205', '58'),
  (131, TRUE, 10, '205', '59'),
  (132, FALSE, 8, '205', '60'),
  (133, FALSE, NULL, '205', '61'),
  (134, FALSE, 12, '205', '62'),
  (135, FALSE, 10, '205', '63'),
  (136, FALSE, 10, '205', '64'),
  (137, FALSE, 11, '205', '65'),
  (138, FALSE, 10, '205', '66'),
  (139, TRUE, 9, '205', '67'),
  (140, FALSE, 11, '205', '68'),
  (141, FALSE, 11, '205', '69'),
  (142, FALSE, 8, '205', '70'),
  (143, FALSE, 6, '205', '71'),
  (144, FALSE, 9, '205', '72');
